country,1960,1961,1962,1963,1964,1965,1966,1967,1968,1969,1970,1971,1972,1973,1974,1975,1976,1977,1978,1979,1980,1981,1982,1983,1984,1985,1986,1987,1988,1989,1990,1991,1992,1993,1994,1995,1996,1997,1998,1999,2000,2001,2002,2003,2004,2005,2006,2007,2008,2009,2010,2011,2012,2013,2014,2015,2016,2017,2018
Afghanistan,,,,,,,,,,,,,,,,,,,,,,,,,,,,,,,,,,,,,,,,,,,,,63.5,71.6,76.4,83.1,105,97.9,100,112,119,128,134,133,139,146,
Albania,,,,,,,,,,,,,,,,,,,,,,,,,,,,,,,,5.11,16.7,30.8,37.8,40.8,45.9,61.2,73.8,74.1,74.1,76.4,82.4,82.8,84.7,86.7,88.7,91.3,94.4,96.5,100,103,106,108,109,111,113,115,117
Algeria,,,,,,,,,,2.57,2.74,2.81,2.91,3.09,3.24,3.51,3.84,4.3,5.05,5.62,6.16,7.06,7.52,7.97,8.62,9.52,10.7,11.5,12.2,13.3,15.5,19.5,25.7,31,40,51.9,61.6,65.2,68.4,70.2,70.4,73.4,74.5,77.6,80.7,81.8,83.7,86.8,91,96.2,100,105,114,118,121,127,135,142,148
Angola,,,,,,,,,,,,,,,,,,,,,,,,,,,,,,,0,0,0,0,0.00003,0.0007,0.0297,0.0948,0.197,0.684,2.91,7.35,15.3,30.4,43.7,53.7,60.8,68.3,76.8,87.4,100,113,125,136,146,161,213,281,337
Antigua and Barbuda,,,,,,,,,,,,,,,,,,,,,,,,,,,,,,,,,,,,,,,79.6,80.5,81.1,82.2,84.2,85.9,87.6,89.5,91.1,92.3,97.3,96.7,100,103,107,108,109,110,110,112,
Armenia,,,,,,,,,,,,,,,,,,,,,,,,,,,,,,,,,,0.462,16,44.3,52.6,59.9,65.1,65.5,65,67,67.8,71,75.9,76.4,78.6,82.1,89.4,92.4,100,108,110,117,120,125,123,124,127
Australia,7.96,8.14,8.12,8.17,8.4,8.69,8.98,9.29,9.52,9.83,10.2,10.8,11.4,12.5,14.4,16.6,18.8,21.1,22.8,24.9,27.4,30,33.4,36.8,38.2,40.8,44.5,48.3,51.8,55.7,59.8,61.7,62.3,63.4,64.6,67.6,69.4,69.6,70.2,71.2,74.4,77.7,80,82.2,84.1,86.3,89.4,91.5,95.5,97.2,100,103,105,108,110,112,113,116,118
Austria,17.8,18.5,19.3,19.8,20.6,21.6,22,22.9,23.5,24.2,25.3,26.5,28.2,30.3,33.2,36,38.6,40.7,42.2,43.8,46.5,49.7,52.4,54.1,57.2,59,60,60.9,62,63.6,65.7,67.9,70.6,73.2,75.4,77.1,78.5,79.5,80.3,80.7,82.6,84.8,86.3,87.5,89.3,91.4,92.7,94.7,97.7,98.2,100,103,106,108,110,111,112,114,116
Azerbaijan,,,,,,,,,,,,,,,,,,,,,,,,,,,,,,,,0.043,0.0385,0.472,8.32,42.6,51,52.9,52.5,48,48.9,49.6,51,52.2,55.7,61,66.1,77.1,93.2,94.6,100,108,109,112,113,118,132,149,152
Bahamas,,,,,,,14,14.7,15.4,16.8,17.8,18.6,19.9,21,23.7,26.2,27.3,28.2,29.9,32.6,36.5,40.6,43.1,44.8,46.5,48.7,51.3,54.3,56.7,59.7,62.5,67,70.8,72.7,73.8,75.3,76.3,76.7,77.8,78.7,80,81.6,83.4,85.9,86.8,88.2,90.3,92.5,96.7,98.7,100,103,105,106,108,110,109,111,113
Bahrain,,,,,,18,18.3,19.1,19.8,19.7,20,21.2,22.3,25.5,31.7,36.8,45.1,53.1,61.4,62.8,65.2,72.6,79.1,81.4,81.7,79.5,77.7,76.4,76.6,77.7,78.5,79.1,78.9,80.9,81.6,83.8,83.4,85.4,85.1,84,83.4,82.4,82,83.3,85.3,87.5,89.3,92.2,95.4,98.1,100,99.6,102,106,109,111,114,115,118
Bangladesh,,,,,,,,,,,,,,,,,,,,,,,,,,,24.3,26.7,28.7,30.4,32.2,34.3,35.5,36.6,38.6,42.5,43.5,45.9,49.7,52.7,53.9,55,56.8,60,64.6,69.2,73.8,80.6,87.7,92.5,100,111,118,127,136,145,153,161,170
Barbados,,,,,,,6.14,6.36,6.84,7.24,7.76,8.34,9.33,10.9,15.2,18.2,19.1,20.7,22.7,25.7,29.4,33.7,37.2,39.1,40.9,42.5,43.1,44.5,46.7,49.6,51.1,54.3,57.6,58.3,58.3,59.4,60.8,65.5,64.7,65.7,67.3,69,69.1,70.2,71.2,75.5,81.1,84.3,91.2,94.5,100,109,114,116,119,117,119,124,
Belgium,15.6,15.8,16,16.3,17,17.7,18.4,18.9,19.4,20.2,21,21.9,23.1,24.7,27.8,31.3,34.2,36.6,38.2,39.9,42.6,45.9,49.9,53.7,57.1,59.9,60.6,61.6,62.3,64.2,66.4,68.6,70.2,72.2,73.9,75,76.5,77.8,78.5,79.4,81.4,83.4,84.8,86.2,88,90.4,92,93.7,97.9,97.9,100,104,106,108,108,109,111,113,115
Benin,,,,,,,,,,,,,,,,,,,,,,,,,,,,,,,,,38.4,38.6,53.4,61.1,64.1,66.4,70.2,70.4,73.3,76.3,78.2,79.3,80,84.3,87.5,88.6,95.7,97.7,100,103,110,111,110,110,109,109,110
Bhutan,,,,,,,,,,,,,,,,,,,,,13.9,15.3,16.8,19.9,21.3,21.7,23.8,25.4,27.9,30.4,33.4,37.5,43.5,48.4,51.7,56.7,61.6,65.7,72.6,77.5,80.6,83.4,85.4,86.8,71.1,74.8,78.6,82.6,89.5,93.4,100,109,121,129,140,146,153,158,163
Bolivia,0.00002,0.00002,0.00003,0.00003,0.00003,0.00003,0.00003,0.00003,0.00004,0.00004,0.00004,0.00004,0.00004,0.00006,0.00009,0.0001,0.0001,0.00011,0.00012,0.00015,0.00021,0.00028,0.00063,0.00238,0.0329,3.9,14.7,16.8,19.5,22.5,26.3,32,35.8,38.9,42,46.2,52,54.4,58.6,59.9,62.6,63.6,64.2,66.4,69.3,73,76.2,82.8,94.4,97.6,100,110,115,121,128,134,138,142,146
Bosnia and Herzegovina,,,,,,,,,,,,,,,,,,,,,,,,,,,,,,,,,,,,,,,,,,,,,,84.9,90.1,91.5,98.3,97.9,100,104,106,106,105,104,103,104,
Botswana,,,,,,,,,,,,,,,3.04,3.4,3.8,4.3,4.69,5.24,5.96,6.94,7.71,8.51,9.25,9.99,11,12.1,13.1,14.6,16.3,18.2,21.1,24.1,26.7,29.5,32.5,35.3,37.6,40.5,44,46.9,50.7,55.4,59.2,64.3,71.7,76.8,86.6,93.5,100,108,117,123,129,133,137,141,146
Brazil,,,,,,,,,,,,,,,,,,,,,0,0,0,0,0,0,0,0,0,0.00003,0.00089,0.00476,0.05,1.01,22.1,36.6,42.4,45.4,46.8,49.1,52.5,56.1,60.9,69.8,74.4,79.5,82.9,85.9,90.8,95.2,100,107,112,119,127,138,150,156,161
Brunei,,,,,,,,,,,,,,,,,,49.4,,,58.4,63.7,67.8,68.6,70.7,72.3,73.6,74.5,75.4,76.4,78,79.3,80.3,83.7,85.8,90.9,92.7,94.3,93.9,93.5,95,95.5,93.3,93.6,94.4,95.5,95.7,96.6,98.6,99.6,100,100,100,101,100,100,99.3,99.1,99.3
Bulgaria,,,,,,,,,,,,,,,,,,,,,,,,,,0.0248,0.0255,0.0262,0.0268,0.0285,0.0353,0.155,0.296,0.512,1,1.63,3.61,41.8,49.6,50.9,56.1,60.2,63.7,65.2,69.2,72.7,78,84.6,95,97.6,100,104,107,108,107,107,106,108,111
Burkina Faso,10.7,12.7,12.9,13.6,13.9,13.8,14.1,13.5,13.5,14.8,15,15.3,14.9,16,17.4,20.7,18.9,24.6,26.7,30.7,34.4,37,41.5,44.8,47,50.3,48.9,47.6,49.7,49.4,49.2,50.2,49.2,49.5,62,66.6,70.6,72.3,76,75.1,74.9,78.7,80.4,82,81.7,86.9,89,88.7,98.2,101,100,103,107,107,107,108,108,108,110
Burundi,,,,,,1.47,1.53,1.52,1.61,1.67,1.67,1.73,1.8,1.91,2.21,2.56,2.73,2.92,3.62,4.94,5.06,5.68,6.01,6.5,7.43,7.71,7.84,8.4,8.78,9.8,10.5,11.4,11.6,12.8,14.7,17.5,22.1,29,32.6,33.7,41.9,45.8,45.2,50,54.1,61.3,63,68.3,84.9,93.9,100,110,129,140,146,154,163,189,183
Cambodia,,,,,,,,,,,,,,,,,,,,,,,,,,,,,,,,,,,43.4,43.1,46.2,49.8,57.2,59.5,59,58.7,60.6,61.3,63.7,67.8,71.9,77.4,96.8,96.2,100,105,109,112,116,117,121,125,
Cameroon,,,,,,,,,7.52,7.44,7.88,8.19,8.86,9.78,11.5,13,14.3,16.4,18.5,19.7,21.5,23.9,27,31.5,35.1,38.1,41.1,46.4,47.2,46.4,46.9,47,47,45.5,61.4,67,69.6,73,75.3,76.7,77.6,81,83.3,83.9,84.1,85.7,90.1,91,95.8,98.7,100,103,106,108,110,113,114,115,116
Canada,13.3,13.5,13.6,13.8,14.1,14.4,15,15.5,16.2,16.9,17.5,17.9,18.8,20.2,22.5,24.9,26.7,28.9,31.5,34.3,37.8,42.5,47.1,49.9,52,54.1,56.3,58.8,61.2,64.2,67.3,71.1,72.1,73.5,73.6,75.2,76.4,77.6,78.4,79.7,81.9,84,85.9,88.2,89.9,91.9,93.7,95.7,98,98.3,100,103,104,105,107,109,110,112,115
Cape Verde,,,,,,,,,,,,,,,,,,,,,,,,29.6,32.9,34.7,38.4,39.9,41.5,43.4,48.1,52.6,54.3,57.4,59.4,64.4,68.2,74,77.3,80.7,78.7,81.3,82.8,83.8,82.2,82.6,87,90.8,97,98,100,104,107,109,108,109,107,108,109
Central African Republic,,,,,,,,,,,,,,,,,,,,,36.8,36.8,41.7,47.7,49,54.1,55.3,51.4,49.4,49.7,49.7,48.3,47.8,46.4,57.9,69,71.5,72.7,71.3,70.3,72.6,75.3,77.1,80.3,78.6,80.9,86.3,87.1,95.2,98.5,100,101,107,109,136,187,,,
Chad,,,,,,,,,,,,,,,,,,,,,,,,38.1,45.9,48.2,41.9,39.4,45.5,43.8,43.5,44.9,43.5,39.8,56.5,61.7,68.7,72.5,75.6,69.5,72.2,81.1,85.4,83.9,79.4,85.6,92.5,84.2,92.9,102,100,96.3,110,110,112,116,,,
Chile,,,,,,,,,,,0.00112,0.00135,0.0024,0.0109,0.0657,0.312,0.973,1.87,2.62,3.49,4.72,5.65,6.21,7.9,9.47,12.4,14.8,17.7,20.3,23.8,30,36.5,42.2,47.5,53,57.3,61.5,65.3,68.7,70.9,73.7,76.3,78.2,80.4,81.2,83.7,86.6,90.4,98.3,98.6,100,103,106,108,113,118,123,126,129
China,,,,,,,,,,,,,,,,,,,,,,,,,,,26,27.9,33.2,39.2,40.4,41.9,44.5,51,63.4,74.1,80.2,82.5,81.8,80.7,81,81.6,81,81.9,85,86.5,87.9,92.2,97.6,96.9,100,106,108,111,113,115,117,119,122
Colombia,0.0576,0.0624,0.0653,0.0825,0.0966,0.104,0.121,0.131,0.141,0.151,0.161,0.181,0.203,0.249,0.305,0.381,0.454,0.608,0.715,0.888,1.12,1.43,1.79,2.13,2.48,3.08,3.66,4.51,5.78,7.28,9.4,12.3,15.6,19.1,23.4,28.3,34.2,40.5,48.1,53.3,58.2,62.9,66.8,71.6,75.8,79.7,83.1,87.7,93.8,97.8,100,103,107,109,112,118,126,132,136
Comoros,,,,,,,,,,,,,,,,,,,,,,,,,,,,,,,,,,,,,,,,,69.1,73,75.6,78.4,81.9,84.4,87.3,91.2,92.7,96.8,100,102,108,104,,,,,
"Congo, Dem. Rep.",,,,0,0,0,0,0,0,0,0,0,0,0,0,0,0,0,0,0,0,0,0,0,0,0,0,0,0,0,0,0,0,0.00001,0.00196,0.0126,0.0746,0.223,0.288,1.11,6.8,31.3,41.1,46.4,48.3,58.6,66.2,77.4,90.8,93.4,100,115,127,128,129,130,134,,
"Congo, Rep.",,,,,,,,,,,,,,,,,,,,,,,,,,35.4,36.9,37.1,37.5,36.8,37.9,37.2,35.8,37.5,53.4,58.5,64.3,,73.5,76.5,75.8,75.9,79.2,78.7,80.6,83.1,88.5,90.9,95.4,99.6,100,102,107,112,113,116,120,121,
Costa Rica,0.249,0.255,0.262,0.27,0.279,0.277,0.277,0.281,0.292,0.3,0.314,0.323,0.338,0.39,0.507,0.595,0.616,0.642,0.68,0.743,0.877,1.2,2.29,3.03,3.39,3.91,4.37,5.1,6.17,7.18,8.55,11,13.4,14.7,16.7,20.6,24.2,27.4,30.6,33.7,37.4,41.6,45.4,49.7,55.8,63.5,70.8,77.4,87.8,94.6,100,105,110,115,121,122,121,123,126
Cote d'Ivoire,5.56,6.2,6.12,6.18,6.22,6.38,6.65,6.8,7.16,7.48,8.1,8.06,8.08,8.98,10.5,11.7,13.2,16.8,19,22.1,25.4,27.6,29.7,31.4,32.7,33.3,36.5,39.1,41.8,42.2,41.9,42.6,44.4,45.3,57.2,65.3,67,69.6,72.9,73.4,75.2,78.5,80.9,83.6,84.8,88.1,90.3,92,97.8,98.8,100,105,106,109,110,111,112,112,113
Croatia,,,,,,,,,,,,,,,,,,,,,,,,,,0.00012,0.00018,0.00042,0.00121,0.0181,0.108,0.241,1.75,28,58,60.3,62.9,65.5,69.7,72.5,75.8,78.7,80,81.4,83.1,85.8,88.6,91.1,96.7,99,100,102,106,108,108,107,106,107,109
Cyprus,13.9,13.9,13.9,14.1,14.1,14.1,14.2,14.3,14.8,15.2,15.6,16.2,17,18.3,21.3,22.3,23.1,24.8,26.7,29.2,33.1,36.7,39,41,43.5,45.7,46.2,47.5,49.1,51,53.3,56,59.6,62.5,65.4,67.1,69.1,71.6,73.2,74.4,77.5,79,81.3,84.6,86.6,88.8,90.8,93,97.3,97.6,100,103,106,105,104,102,100,101,102
Czech Republic,,,,,,,,,,,,,,,,,,,,,,,,,,,,,,,,34.9,38.8,46.8,51.5,56.2,61.1,66.3,73.4,75,77.8,81.4,83,83.1,85.4,87,89.2,91.7,97.6,98.5,100,102,105,107,107,107,108,111,113
Denmark,8.25,8.53,9.16,9.72,10,10.6,11.3,12.2,13.2,13.7,14.6,15.4,16.4,18,20.7,22.7,24.8,27.5,30.3,33.2,37.2,41.6,45.8,49,52.1,54.5,56.5,58.8,61.5,64.4,66.1,67.7,69.1,70,71.4,72.9,74.4,76,77.4,79.4,81.7,83.6,85.6,87.4,88.4,90,91.7,93.3,96.5,97.7,100,103,105,106,107,107,107,109,110
Djibouti,,,,,,,,,,,,,,,,,,,,82.4,92.3,97.6,95.2,96.1,97.9,100,118,123,,,,,,,,,,,,,70.1,71.3,71.8,73.2,75.5,77.8,80.5,84.5,94.6,96.2,100,105,109,112,113,112,116,116,116
Dominica,,,,,7.98,,8.38,8.46,8.91,9.29,10.4,10.8,11.2,12.6,16.9,20.3,22.5,24.6,26.5,,41.5,47,49.1,51.1,52.2,54.2,55.7,57.9,59.6,63.3,65.4,69,72.8,73.9,73.9,74.9,76.2,78,78.8,79.7,80.4,81.4,81.6,82.8,84.8,86.2,88.1,91.3,97.1,97.1,100,101,103,102,103,102,103,103,
Dominican Republic,0.455,0.437,0.477,0.518,0.529,0.519,0.52,0.526,0.527,0.532,0.552,0.572,0.621,0.715,0.809,0.926,0.998,1.13,1.17,1.27,1.49,1.6,1.72,1.82,2.18,3.17,3.41,3.88,5.58,7.84,11.8,17.4,18.1,19,20.6,23.2,24.5,26.5,27.8,29.6,31.8,34.7,36.5,46.5,70.4,73.4,78.9,83.8,92.7,94,100,108,112,118,121,122,124,129,133
Ecuador,0.0118,0.0122,0.0126,0.0133,0.0139,0.0143,0.0151,0.0156,0.0163,0.0174,0.0182,0.0198,0.0213,0.0241,0.0297,0.0343,0.0379,0.0429,0.0479,0.0528,0.0597,0.0695,0.0808,0.12,0.157,0.201,0.248,0.321,0.508,0.892,1.32,1.97,3.04,4.41,5.62,6.91,8.59,11.2,15.3,23.3,45.6,62.8,70.6,76.2,78.3,80.2,82.8,84.7,91.8,96.6,100,104,110,113,117,121,124,124,124
Egypt,1.21,1.22,1.18,1.19,1.23,1.42,1.54,1.55,1.53,1.58,1.64,1.69,1.73,1.82,2,2.19,2.42,2.72,3.03,3.33,4.02,4.43,5.09,5.91,6.92,7.75,9.6,11.5,13.5,16.4,19.1,22.9,26.1,29.2,31.6,36.6,39.2,41,42.6,43.9,45.1,46.1,47.4,49.5,55.1,57.8,62.2,68,80.4,89.9,100,110,118,129,142,157,178,231,
El Salvador,1.93,1.88,1.88,1.91,1.94,1.95,1.93,1.95,2,2,2.06,2.07,2.1,2.23,2.61,3.11,3.33,3.72,4.21,4.8,5.64,6.47,7.23,8.2,9.14,11.2,14.7,18.4,22.1,25.9,32.2,36.8,40.9,48.5,53.6,59,64.8,67.7,69.4,69.8,71.4,74.1,75.4,77,80.5,84.2,87.6,91.7,97.8,98.8,100,105,107,108,109,108,109,110,111
Equatorial Guinea,,,,,,,,,,,,,,,,,,,,,,,,,,37.9,31.2,27.1,27.8,29.5,29.7,28.7,27.5,29,38.2,45.8,47.9,49.3,53.2,53.4,56,60.9,65.6,70.4,73.3,77.5,80.9,83.2,88.6,92.8,100,105,109,112,117,119,120,121,122
Estonia,,,,,,,,,,,,,,,,,,,,,,,,,,,,,,,,,11.6,22.1,32.6,42,51.7,57.2,61.8,63.9,66.5,70.3,72.8,73.8,76,79.1,82.6,88.1,97.2,97.1,100,105,109,112,112,111,112,115,119
Ethiopia,,,,,,4.7,4.63,4.67,4.68,4.75,5.23,5.26,4.94,5.38,5.84,6.22,7.99,9.33,10.7,12.4,12.9,13.7,14.5,14.4,15.6,18.6,16.8,16.4,17.5,18.9,19.9,27,29.8,30.9,33.3,36.6,33.5,34.3,34.6,37.3,37.6,34.5,34.7,39.5,40.8,44.8,50.4,59,85.2,92.5,100,133,165,179,192,211,227,249,
Fiji,,,,,,,,,,8.31,8.66,9.45,11.5,12.8,14.7,16.6,18.5,19.8,21,22.6,25.9,28.8,30.8,32.9,34.6,36.1,36.8,38.9,43.4,46.1,49.9,53.1,55.7,58.6,59.1,60.4,62.2,64.3,68,69.4,70.1,73.1,73.7,76.7,78.9,80.8,82.8,86.8,93.5,96.4,100,107,111,114,115,116,121,125,130
Finland,8.14,8.27,8.64,9.07,10,10.5,10.9,11.5,12.5,12.8,13.2,14,15,16.6,19.4,22.8,26.1,29.2,31.5,33.8,37.7,42,46,49.9,53.4,56.2,57.8,60.2,63.2,67.4,71.6,74.6,76.8,78.5,79.4,80,80.5,81.4,82.6,83.5,86.1,88.3,89.7,90.5,90.6,91.2,92.6,95,98.8,98.8,100,103,106,108,109,109,109,110,111
France,10.4,10.7,11.3,11.8,12.2,12.5,12.9,13.2,13.8,14.6,15.4,16.3,17.2,18.5,21,23.5,25.8,28.2,30.8,34.1,38.7,43.9,49.1,53.8,57.9,61.3,62.8,64.9,66.7,69,71.2,73.5,75.2,76.8,78.1,79.5,81,82,82.6,83,84.4,85.8,87.4,89.3,91.2,92.8,94.3,95.7,98.4,98.5,100,102,104,105,106,106,106,107,109
Gabon,,,9.32,9.98,10.3,10.6,11,11.2,11.4,11.8,12.2,12.7,13.1,14,15.6,20.1,24.1,27.5,30.4,32.9,36.9,40.1,46.8,51.8,54.8,58.9,62.6,62,56.6,60.4,65,57.4,51.9,52.2,71.1,77.9,78.5,81.6,82.8,81.2,81.6,83.3,83.4,85.2,85.6,88.7,87.5,91.9,96.7,98.6,100,101,104,104,109,109,111,114,120
Gambia,,2.28,2.32,2.42,2.31,2.34,2.35,2.38,2.48,2.61,2.55,2.63,2.86,3.06,3.34,4.21,4.92,5.53,6.02,6.39,6.83,7.23,8.02,8.87,10.8,12.8,20.1,24.8,27.7,30,33.6,36.5,40,42.6,43.3,46.3,46.8,48.2,48.7,50.5,51,53.3,57.8,67.7,77.3,81.1,82.7,87.2,91,95.2,100,105,109,115,122,131,140,151,161
Germany,24.6,25.2,25.9,26.7,27.3,28.2,29.2,29.7,30.2,30.7,31.8,33.5,35.3,37.8,40.4,42.8,44.6,46.3,47.6,49.5,52.2,55.5,58.4,60.3,61.8,63,63,63.1,63.9,65.7,67.5,70.2,73.8,77.1,79.1,80.5,81.6,83.2,84,84.5,85.7,87.4,88.6,89.6,91,92.5,93.9,96.1,98.6,98.9,100,102,104,106,107,107,108,109,111
Ghana,,,,,0.00131,0.00166,0.00188,0.00172,0.00185,0.00199,0.00205,0.00225,0.00247,0.00291,0.00344,0.00446,0.00696,0.0151,0.0261,0.0403,0.0604,0.131,0.16,0.357,0.498,0.55,0.685,0.957,1.26,1.57,2.16,2.55,2.81,3.51,4.38,6.99,10.2,13.1,15,16.9,21.1,28.1,32.2,40.8,46,52.9,58.7,65,75.7,90.3,100,109,116,130,150,176,207,232,255
Greece,1.12,1.14,1.14,1.18,1.18,1.22,1.28,1.3,1.31,1.34,1.38,1.42,1.49,1.71,2.17,2.47,2.79,3.13,3.53,4.2,5.23,6.52,7.89,9.48,11.2,13.4,16.5,19.2,21.8,24.7,29.8,35.6,41.3,47.2,52.3,57,61.7,65.1,68.2,70,72.2,74.6,77.3,80.1,82.4,85.3,88,90.6,94.4,95.5,100,103,105,104,103,101,99.9,101,102
Grenada,,,,,,,,,,,,,,,,,17.3,20.5,24.2,29.3,35.7,42.4,45.7,48.5,51.2,52.5,52.8,52.3,54.4,57.5,59,60.6,62.9,64.6,67.1,68.3,69.7,70.6,71.6,72,73.5,75.8,76.7,78.3,80.1,82.9,86.4,89.8,97,96.7,100,103,106,105,104,104,106,107,
Guatemala,1.76,1.75,1.78,1.78,1.78,1.77,1.78,1.79,1.82,1.86,1.9,1.89,1.9,2.17,2.53,2.86,3.16,3.55,3.85,4.28,4.75,5.29,5.31,5.55,5.74,6.81,9.32,10.5,11.6,12.9,18.3,24.3,26.8,29.9,33.2,36,39.9,43.6,46.5,48.9,51.9,55.6,60.2,63.5,68.3,74.6,79.5,84.9,94.5,96.3,100,106,110,115,119,122,127,133,138
Guinea,,,,,,,,,,,,,,,,,,,,,,,,,,,,,,,,,,,,,,,,,,,,,32.1,42.2,56.9,69.9,82.7,86.6,100,121,140,156,172,186,201,219,240
Guinea-Bissau,,,,,,,,,,,,,,,,,,,,,,,,,,,,1.19,1.91,3.44,4.58,7.22,12.2,18.1,20.9,30.4,45.8,68.2,73.7,72.2,78.4,81,83.7,80.8,81.5,84.2,85.8,89.8,99.2,97.5,100,105,107,109,107,108,110,112,
Guyana,,,,,,,,,,,,,,,,,,,,,,,,,,,,,,,,,,,38,42.6,45.6,47.3,49.4,53.2,56.4,57.9,61,64.7,67.7,72.4,77.2,86.6,93.6,96.4,100,105,107,110,110,109,110,112,114
Haiti,0.616,0.64,0.636,0.664,0.724,0.741,0.802,0.779,0.789,0.8,0.811,0.889,0.917,1.13,1.29,1.51,1.62,1.72,1.68,1.9,2.23,2.48,2.66,2.93,3.12,3.45,3.56,3.15,3.28,3.51,4.26,4.91,5.87,7.61,10.6,13.5,16.3,19.7,21.8,23.6,26.9,30.7,33.7,47,57.7,66.8,75.5,81.9,94.6,94.6,100,108,115,122,128,139,158,181,
Honduras,1.56,1.59,1.6,1.65,1.73,1.78,1.81,1.85,1.89,1.91,1.96,2.01,2.08,2.19,2.47,2.68,2.81,3.05,3.22,3.61,4.26,4.66,5.08,5.5,5.76,5.96,6.22,6.37,6.66,7.31,9.02,12.1,13.1,14.6,17.7,22.9,28.4,34.1,38.8,43.3,48.1,52.8,56.8,61.2,66.2,72,76,81.3,90.5,95.5,100,107,112,118,125,129,133,138,144
Hungary,,,,,,,,,,,,,2.24,2.31,2.35,2.44,2.57,2.67,2.8,3.05,3.33,3.49,3.72,4,4.33,4.63,4.88,5.3,6.14,7.19,9.23,12.4,15.4,18.8,22.4,28.7,35.5,42,47.9,52.7,57.9,63.2,66.5,69.6,74.3,76.9,79.9,86.3,91.5,95.4,100,104,110,112,111,111,112,114,118
Iceland,0.0416,0.0436,0.0484,0.0546,0.0651,0.0699,0.0774,0.0799,,,,,,,,,0.507,0.661,0.95,1.37,2.18,3.3,4.96,9.13,11.9,15.8,19.3,22.8,28.6,34.6,40,42.7,44.4,46.2,46.9,47.6,48.7,49.6,50.4,52.1,54.7,58.2,61.3,62.5,64.5,67.1,71.6,75.2,84.7,94.9,100,104,109,114,116,118,120,122,125
India,2.53,2.57,2.66,2.74,3.11,3.4,3.77,4.26,4.4,4.38,4.6,4.74,5.05,5.9,7.59,8.02,7.41,8.03,8.23,8.75,9.74,11,11.9,13.3,14.4,15.2,16.5,18,19.7,21.1,22.9,26.1,29.2,31.1,34.2,37.7,41.1,44.1,49.9,52.2,54.3,56.4,58.8,61.1,63.4,66,69.9,74.3,80.5,89.3,100,109,119,132,140,149,156,160,168
Indonesia,0.00028,0.00032,0.00073,0.0018,0.00375,0.0153,0.189,0.389,0.89,1.03,1.16,1.2,1.28,1.68,2.36,2.81,3.37,3.74,4.05,4.71,5.55,6.24,6.82,7.63,8.43,8.83,9.34,10.2,11,11.7,12.7,13.8,14.9,16.3,17.7,19.4,20.9,22.2,35.2,42.5,44,49.1,54.9,58.6,62.2,68.7,77.7,82.7,91.1,95.1,100,105,110,117,124,132,137,142,147
Iran,0.141,0.146,0.147,0.148,0.153,0.156,0.156,0.158,0.159,0.165,0.168,0.175,0.186,0.204,0.234,0.264,0.293,0.373,0.417,0.461,0.556,0.69,0.82,0.981,1.1,1.15,1.37,1.76,2.26,2.76,2.97,3.48,4.38,5.31,6.98,10.4,13.5,15.8,18.6,22.4,25.6,28.5,32.6,38,43.6,49.4,54.4,63.8,80,90.8,100,121,152,212,248,282,306,337,
Iraq,48.9,49.3,50,51.9,51.9,51.7,52.7,54.4,55.6,58.8,61.4,63.6,66.9,70.1,75.5,82.7,93.3,102,107,,,,,,,,,,,,0.0253,0.0711,0.131,0.402,2.2,10.7,9,11.1,12.7,14.3,15,17.5,20.9,27.9,35.4,48.5,74.3,97.2,99.8,97.6,100,106,112,114,117,118,119,119,
Ireland,5.07,5.21,5.44,5.57,5.94,6.24,6.43,6.63,6.95,7.46,8.07,8.8,9.55,10.6,12.5,15,17.8,20.1,21.7,24.6,29.1,35,41,45.2,49.2,51.8,53.8,55.5,56.7,59,61,62.9,64.8,65.8,67.3,69,70.2,71.3,73,74.2,78.4,82.2,86,89,90.9,93.1,96.8,102,106,101,100,103,104,105,105,105,105,105,106
Israel,0.00089,0.00095,0.00103,0.0011,0.00116,0.00125,0.00135,0.00137,0.0014,0.00143,0.00152,0.0017,0.00192,0.00231,0.00323,0.00449,0.0059,0.00794,0.012,0.0213,0.0493,0.107,0.235,0.579,2.74,11.2,16.6,19.8,23.1,27.7,32.5,38.7,43.3,48.1,54,59.4,66.2,72.1,76,79.9,80.8,81.7,86.4,87,86.7,87.8,89.7,90.1,94.2,97.4,100,103,105,107,107,107,106,106,107
Italy,4.15,4.23,4.43,4.76,5.04,5.27,5.39,5.6,5.67,5.82,6.11,6.4,6.77,7.5,8.94,10.5,12.2,14.3,16,18.4,22.2,26.2,30.6,35,38.8,42.4,44.9,47,49.4,52.5,55.8,59.3,62.5,65.3,68,71.6,74.4,75.9,77.4,78.7,80.7,83,85,87.3,89.2,91,92.9,94.6,97.7,98.5,100,103,106,107,107,107,107,109,110
Jamaica,0.113,0.12,0.122,0.124,0.127,0.13,0.133,0.137,0.145,0.154,0.177,0.186,0.196,0.231,0.293,0.344,0.378,0.42,0.567,0.732,0.932,1.05,1.12,1.25,1.6,2.01,2.31,2.46,2.67,3.05,3.72,5.62,9.96,12.2,16.4,19.7,24.9,27.3,29.6,31.4,34,36.4,38.9,42.9,48.7,56,60.8,66.4,81,88.8,100,108,115,126,136,141,144,151,156
Japan,19,20,21.4,22.8,23.7,25.2,26.5,27.6,29,30.6,32.7,34.8,36.4,40.7,50.1,56,61.2,66.2,69,71.6,77.2,80.9,83.2,84.7,86.7,88.4,88.9,89.1,89.7,91.7,94.5,97.6,99.3,101,101,101,101,103,104,103,103,102,101,101,101,100,101,101,102,101,100,99.7,99.7,100,103,104,103,104,105
Jordan,,,,,,,,,,7.66,8.12,8.51,9.16,10.2,12.2,13.6,15.2,17.4,18.6,21.2,23.6,25.4,27.3,28.7,29.8,30.7,30.7,30.6,32.6,41,47.7,51.6,53.6,55.4,57.3,58.7,62.5,64.4,66.4,66.8,67.2,68.4,69.7,70.8,73.2,75.8,80.5,84.3,96.1,95.4,100,104,109,114,117,116,115,119,125
Kazakhstan,,,,,,,,,,,,,,,,,,,,,,,,,,,,,,,,,,0.374,7.39,20.4,28.4,33.3,35.7,38.7,43.8,47.4,50.2,53.5,57.1,61.5,66.8,74.1,86.8,93.1,100,108,114,121,129,138,158,169,
Kenya,0.741,0.759,0.783,0.789,0.788,0.816,0.857,0.872,0.875,0.874,0.893,0.927,0.981,1.07,1.26,1.5,1.68,1.92,2.25,2.43,2.77,3.09,3.73,4.15,4.58,5.17,5.3,5.76,6.47,7.36,8.67,10.4,13.3,19.4,24.9,25.3,27.6,30.7,32.8,34.6,38.1,40.3,41.1,45.1,50.3,55.5,63.6,69.8,88.1,96.2,100,114,125,132,141,150,160,172,181
Kiribati,,,,,,,,,,,,,,,,,,,,,,,,,,,,,,,,,,,,,,,,,,,,,,,80.5,83.4,94.8,104,100,101,98.4,96.9,99,99.5,,,
Kuwait,,,,,,,,,,,,,20.1,21.7,24.5,26.6,28,30.8,33.4,35.8,38.3,41.1,44.3,46.4,46.9,47.6,48.1,48.4,49.1,50.7,55.7,60.8,60.5,60.7,62.2,63.9,66.2,66.6,66.7,68.7,69.9,70.9,71.5,72.2,73.1,76.1,78.4,82.7,91.5,95.7,100,105,108,111,114,118,122,125,
Kyrgyz Republic,,,,,,,,,,,,,,,,,,,,,,,,,,,,,,,,,,,,16.7,22.1,27.3,30.1,41.3,49,52.4,53.5,55.1,57.4,59.8,63.2,69.6,86.7,92.6,100,117,120,128,137,146,147,152,
Lao,,,,,,,,,,,,,,,,,,,,,,,,,,,,,1.68,2.71,3.67,4.16,4.57,4.86,5.19,6.21,7.02,8.95,17.1,38.5,48.1,51.9,57.4,66.3,73.3,78.5,83.6,87.5,94.2,94.4,100,108,112,119,124,126,128,129,131
Latvia,,,,,,,,,,,,,,,,,,,,,,,,,,,,,,,,1.13,11.9,24.8,33.8,42.2,49.6,53.8,56.3,57.6,59.2,60.6,61.8,63.6,67.6,72.1,76.9,84.6,97.6,101,100,104,107,107,107,108,108,111,114
Lebanon,,,,,,,,,,,,,,,,,,,,,,,,,,,,,,,,,,,,,,,,,,,,,,,,,95,96.2,100,105,112,117,119,115,114,119,126
Lesotho,,,,,,,,,,,,,,4.18,4.74,5.41,6.03,7.04,7.99,9.26,10.8,12.1,13.6,16,17.7,20.1,23.7,26.5,29.5,33.8,37.8,44.5,52.1,58.9,63.8,69.7,76.2,,,47.7,50.6,45.7,61.2,65.2,68.5,70.9,75.2,81.2,89.9,96.5,100,105,111,117,123,127,135,143,148
Liberia,,,,,,,,,,,,,,,,,,,,,,,,,,,,,,,,,,,,,,,,,,41,46.8,51.7,55.7,61.8,66.3,73.8,86.8,93.2,100,108,116,125,137,148,161,181,223
Libya,,,,,10.8,12,13.5,14.5,14.5,15.9,15.1,14.6,14.6,15.8,16.9,18.5,19.5,20.7,26.8,25.2,27.6,30.7,33.9,37.5,42.2,46,47.5,49.6,52.6,53.4,57.9,64.8,70.9,78.7,82.7,88.7,92.3,95.6,99.1,102,98.8,90.1,81.3,79.5,77.7,79.8,81,86,94.9,97.3,100,116,123,126,,,,,
Lithuania,,,,,,,,,,,,,,,,,,,,,,,,,,,,,,,,,4.18,21.3,36.7,51.3,63.9,69.6,73.1,73.7,74.4,75.4,75.6,74.8,75.6,77.7,80.6,85.2,94.5,98.7,100,104,107,108,109,108,109,113,116
Luxembourg,17.1,17.2,17.3,17.8,18.4,19,19.6,20,20.6,21,22,23,24.3,25.7,28.2,31.2,34.3,36.6,37.7,39.4,41.9,45.3,49.5,53.8,57.2,59.6,59.8,59.7,60.6,62.6,64.7,66.7,68.8,71.3,72.8,74.2,75.1,76.1,76.8,77.6,80.1,82.2,83.9,85.6,87.5,89.7,92.1,94.2,97.4,97.8,100,103,106,108,109,109,110,111,113
Madagascar,,,,,0.566,0.59,0.609,0.614,0.62,0.644,0.662,0.698,0.737,0.782,0.955,1.03,1.08,1.12,1.19,1.36,1.61,2.1,2.76,3.3,3.62,4.01,4.59,5.27,6.69,7.29,8.15,8.85,10.1,11.2,15.5,23.1,27.7,28.9,30.7,33.7,37.7,40.7,47.5,46.6,53.2,62.9,69.7,76.9,84,91.5,100,109,116,122,130,140,149,161,
Malawi,,,,,,,,,,,,,,,,,,,,,0.472,0.527,0.579,0.657,0.789,0.872,0.994,1.24,1.67,1.87,2.1,2.36,2.92,3.59,4.83,8.85,12.2,13.3,17.2,25,32.4,39.7,45.6,49.9,55.6,64.2,73.2,79,85.9,93.1,100,108,131,166,206,251,305,340,383
Malaysia,21.3,21.3,21.3,22,21.9,21.8,22.1,23.1,23,22.9,23.4,23.7,24.5,27.1,31.8,33.2,34.1,35.7,37.4,38.8,41.4,45.4,48.1,49.9,51.8,52,52.4,52.5,53.8,55.4,56.8,59.3,62.1,64.3,66.7,69,71.4,73.3,77.2,79.3,80.5,81.7,83.1,84,85.2,87.8,90.9,92.8,97.8,98.4,100,103,105,107,110,113,115,120,121
Maldives,,,,,,,,,,,,,,,,,,,,,,,,,,,,,,,,,,,,,,,,,71.1,71.6,74.6,73.6,72.4,73.3,75.3,80.4,90.1,94.2,100,111,123,128,131,132,133,136,136
Mali,,,,,,,,,,,,,,,,,,,,,,,,,,,,,52.6,52.6,52.9,53.8,50.5,50.3,62,70.3,75.1,74.8,77.9,76.9,76.4,80.4,84.4,83.3,80.7,85.9,87.2,88.4,96.5,98.9,100,103,108,108,109,110,108,110,
Malta,20.9,21.4,21.5,21.9,22.3,22.7,22.8,23,23.4,24,24.9,25.5,26.3,28.3,30.4,33.1,33.3,36.6,38.3,41.1,47.5,53,56.1,55.6,55.3,55.2,56.3,56.6,57.1,57.6,59.3,60.8,61.8,64.4,67,70,71.4,73.6,75.4,77,78.8,81.1,82.9,84,86.3,88.9,91.4,92.6,96.5,98.5,100,103,105,107,107,108,109,110,112
Mauritania,,,,,,,,,,,,,,,,,,,,,,,,,,20.9,22.4,24.3,24.6,27.8,29.6,31.3,34.5,37.7,39.2,41.8,43.8,45.8,49.5,51.5,53.2,55.7,57.8,60.8,67.1,75.2,79.9,85.7,92,94.1,100,106,111,115,120,123,125,128,132
Mauritius,,,,2.91,2.97,3.02,3.1,3.16,3.38,3.45,3.51,3.52,3.71,4.21,5.43,6.23,7.04,7.68,8.34,9.55,13.6,15.5,17.3,18.3,19.6,20.9,21.3,21.4,23.3,26.3,29.8,31.9,33.4,36.9,39.6,42,44.8,47.8,51.1,54.6,56.9,60,63.8,66.3,69.4,72.9,79.4,86.4,94.8,97.2,100,107,111,115,118,120,121,125,129
Mexico,0.0129,0.0131,0.0133,0.0134,0.0137,0.0141,0.0147,0.0152,0.0155,0.0161,0.0169,0.0178,0.0187,0.0209,0.0259,0.0298,0.0345,0.0445,0.0523,0.0618,0.0781,0.0999,0.159,0.32,0.53,0.836,1.56,3.61,7.73,9.28,11.8,14.4,16.7,18.3,19.6,26.4,35.5,42.8,49.6,57.8,63.3,67.3,70.7,73.9,77.4,80.5,83.4,86.7,91.2,96,100,103,108,112,116,119,123,130,137
"Micronesia, Fed. Sts.",,,,,,,,,,,,,,,,,,,,,,,,,,,,,,,,,,,,,,,,70.9,72.4,72.8,72.7,72.8,74.5,77.6,81.2,83.9,91,96.8,100,105,110,112,113,113,112,112,
Moldova,,,,,,,,,,,,,,,,,,,,,,,,,,,,,,,,0.01,0.113,1.93,11.3,14.7,18.2,20.3,21.9,30.5,40,43.9,46.3,51.7,58.2,65.1,73.5,82.5,93.1,93,100,108,113,118,124,136,144,154,159
Mongolia,,,,,,,,,,,,,,,,,,,,,,,,,,,,,,,,,2.29,8.42,15.8,15.8,23.2,31.7,34.7,37.3,41.6,44.2,44.6,46.9,50.8,57.3,60.2,66,84.4,90.8,100,108,124,137,154,164,166,172,184
Montenegro,,,,,,,,,,,,,,,,,,,,,,,,,,,,,,,,,,,,,,,,,,,,,,82.2,84.6,88.3,96,99.3,100,103,108,110,109,111,111,113,116
Morocco,9.94,10.1,10.6,11.2,11.7,12.1,12,11.9,11.9,12.3,12.4,13,13.5,14,16.5,17.8,19.3,21.7,23.8,25.8,28.2,31.7,35.1,37.3,41.9,45.1,49.1,50.4,51.6,53.3,56.9,61.4,65,68.3,71.9,76.3,78.5,79.4,81.5,82.1,83.6,84.2,86.5,87.5,88.8,89.7,92.7,94.6,98.1,99,100,101,102,104,105,106,108,109,111
Myanmar,0.155,0.155,0.153,0.149,0.148,0.174,0.218,0.22,0.226,0.216,0.207,0.211,0.228,0.285,0.357,0.47,0.575,0.568,0.534,0.564,0.568,0.569,0.6,0.633,0.664,0.709,0.776,0.968,1.12,1.43,1.68,2.22,2.71,3.57,4.43,5.55,6.45,8.37,12.7,15,15,18.2,28.5,39,40.7,44.5,53.4,72.2,91.5,92.8,100,105,107,112,118,129,138,145,155
Namibia,,,,,,,,,,,,,,,,,,,,,,,,,,,,,,,,,,,,,,,,,,,62.6,67,69.8,71.4,74.9,79.9,87.1,95.4,100,105,112,118,125,129,138,146,152
Nepal,,,,,2.97,3.22,3.68,3.58,3.62,3.77,4.34,4.26,4.62,5.14,6.16,6.63,6.42,7.06,7.58,7.85,9,10,11.2,12.6,12.9,14,16.6,18.4,20,21.8,23.6,27.3,32,34.4,37.2,40.1,43.8,45.5,50.6,54.4,55.8,57.3,59,62.4,64.1,68.5,73.2,74.9,82.3,91.5,100,109,120,130,141,152,166,172,
Netherlands,16.8,17,17.5,18,19.1,19.8,21,21.7,22.5,24.2,25,26.9,29,31.3,34.3,37.9,41.2,43.8,45.6,47.5,50.6,54.1,57.3,58.8,60.8,62.1,62.2,61.8,62.2,62.9,64.4,66.5,68.6,70.4,72.3,73.7,75.3,76.9,78.4,80.1,81.9,85.4,88.2,90,91.1,92.7,93.7,95.2,97.6,98.7,100,102,105,107,109,109,110,111,113
New Zealand,4.99,5.08,5.22,5.32,5.51,5.69,5.85,6.2,6.47,6.79,7.23,7.98,8.54,9.23,10.3,11.8,13.8,15.7,17.6,20,23.5,27.1,31.4,33.8,35.8,41.4,46.8,54.2,57.7,61,64.7,66.4,67,67.9,69.1,71.7,73.3,74.2,75.1,75,77,79,81.1,82.6,84.4,87,89.9,92.1,95.7,97.7,100,104,105,106,108,108,109,111,112
Nicaragua,,,,,,,,,,,,,,,,,,,,,,,,,,,,,,,,,,,,,,,,42.7,45.7,48.5,50.3,52.9,57.4,62.9,68.7,76.3,91.5,94.8,100,108,116,124,132,137,142,147,154
Niger,,,,11.7,11.8,12.3,13.6,13.7,13.3,14.7,14.8,15.5,17,19,19.6,21.4,26.4,32.6,35.9,38.5,42.4,52.2,58.2,56.8,61.5,61,59,55,54.3,52.7,52.3,48.2,46.1,45.5,61.9,68.5,72.1,74.2,77.6,75.8,78,81.1,83.3,81.9,82.1,88.5,88.6,88.6,98.6,99.2,100,103,103,106,105,104,106,109,112
Nigeria,0.0665,0.0707,0.0744,0.0724,0.073,0.076,0.0834,0.0803,0.0799,0.088,0.1,0.116,0.12,0.127,0.143,0.191,0.238,0.273,0.333,0.372,0.409,0.494,0.532,0.655,0.772,0.829,0.877,0.976,1.51,2.27,2.44,2.75,3.98,6.26,9.82,17,21.9,23.8,26.2,27.9,29.9,35.5,40.1,45.7,52.6,61.9,67,70.7,78.8,87.9,100,111,124,135,146,159,184,214,240
Norway,9.03,9.22,9.71,9.95,10.5,11,11.3,11.8,12.3,12.6,14,14.8,15.9,17.1,18.7,20.9,22.8,24.9,26.9,28.1,31.2,35.4,39.4,42.8,45.4,48,51.5,56,59.7,62.4,65,67.2,68.8,70.4,71.4,73.1,74,75.9,77.6,79.5,81.9,84.4,85.5,87.6,88,89.3,91.4,92.1,95.5,97.6,100,101,102,104,106,109,112,115,118
Oman,,,,,,,,,,,,,,,,,,,,,,,,,,,,,,,,,,,,,,,,,74.8,74.2,73.9,74.1,74.6,76,78.7,83.3,93.6,96.8,100,104,107,108,109,109,111,112,113
Pakistan,2.05,2.09,2.08,2.11,2.2,2.32,2.49,2.66,2.66,2.74,2.89,3.03,3.19,3.92,4.97,6,6.43,7.09,7.52,8.14,9.11,10.2,10.8,11.5,12.2,12.9,13.3,13.9,15.2,16.4,17.8,20,21.8,24,27,30.3,33.5,37.3,39.6,41.3,43.1,44.4,45.9,47.2,50.7,55.3,59.7,64.2,77.3,87.8,100,112,123,132,142,145,151,157,165
Palau,,,,,,,,,,,,,,,,,,,,,,,,,,,,,,,,,,,,,,,,,,74.1,73.1,73.8,77.4,80.5,84.1,86.8,97.2,98.6,100,105,108,112,117,118,117,118,
Palestine,,,,,,,,,,,,,,,,,,,,,,,,,,,,,,,,,,,,,54.9,58.8,62.1,65.5,67.4,68.2,72.1,75.3,77.5,80.7,83.8,85.4,93.8,96.4,100,103,106,108,109,111,111,111,
Panama,25.7,25.9,26.1,26.2,26.8,26.9,27,27.4,27.8,28.3,29.2,29.7,31.4,33.5,39,41.2,42.9,44.8,46.7,50.5,57.4,61.6,64.2,65.6,66.6,67.3,67.3,67.9,68.2,68.3,68.8,69.7,71,71.3,72.2,72.9,73.8,74.8,75.2,76.2,77.3,77.5,78.3,78.6,78.8,81.3,83.3,86.8,94.4,96.6,100,106,112,116,119,120,121,122,123
Papua New Guinea,,,,,,,,,,,,5.5,5.84,6.33,7.79,8.61,9.27,9.69,10.3,10.8,12.1,13.1,13.9,14.9,16.1,16.7,17.6,18.1,19.1,20,21.4,22.9,23.9,25,25.8,30.2,33.7,35.1,39.8,45.8,52.9,57.8,64.6,74.2,75.8,77.1,78.9,79.7,88.2,94.3,100,104,109,115,121,128,136,144,
Paraguay,0.411,0.487,0.494,0.504,0.511,0.531,0.546,0.553,0.557,0.57,0.565,0.593,0.647,0.73,0.915,0.976,1.02,1.11,1.23,1.58,1.94,2.19,2.3,2.61,3.14,3.93,5.18,6.31,7.73,9.77,13.4,16.7,19.2,22.7,27.4,31,34.1,36.4,40.6,43.4,47.3,50.7,56.1,64,66.8,71.4,78.2,84.6,93.1,95.6,100,108,112,115,121,125,130,135,140
Peru,0,0,0,0,0,0,0,0,0,0,0,0,0,0,0,0,0,0,0,0,0,0,0,0.00001,0.00002,0.00005,0.00008,0.00015,0.00118,0.0415,3.14,16,27.8,41.3,51.1,56.8,63.3,68.8,73.7,76.3,79.2,80.7,80.9,82.7,85.7,87.1,88.9,90.5,95.7,98.5,100,103,107,110,114,118,122,125,127
Philippines,1.13,1.15,1.21,1.28,1.39,1.42,1.5,1.59,1.63,1.66,1.9,2.31,2.5,2.91,3.91,4.17,4.55,5,5.37,6.31,7.46,8.44,9.3,10.2,15.4,18.9,19.2,19.9,22.7,25.5,28.6,34.1,37,39.5,43.6,46.6,50.1,52.9,57.8,61.2,63.7,67.1,68.9,70.5,73.9,78.7,83,85.4,92.4,96.3,100,105,108,111,115,115,117,120,126
Poland,,,,,,,,,,,0.021,0.0213,0.0213,0.0218,0.0233,0.0238,0.0249,0.0261,0.0282,0.0302,0.0331,0.0395,0.0804,0.101,0.116,0.13,0.151,0.191,0.303,1.05,6.98,12.3,18,24.7,32.9,42,50.4,57.9,64.6,69.2,76,80.2,81.7,82.2,85,86.9,88,90.2,93.9,97.5,100,104,108,109,109,108,107,110,112
Portugal,1.18,1.2,1.23,1.26,1.3,1.35,1.41,1.49,1.58,1.72,1.83,2.05,2.27,2.56,3.21,3.7,4.48,5.87,7.1,8.65,10,11.9,14.5,18,23.1,27.6,31,34,37.5,42.2,48,53.6,58.8,62.8,66.2,69,71.1,72.7,74.6,76.4,78.5,82,84.9,87.6,89.7,91.8,94.6,96.9,99.4,98.6,100,104,107,107,107,107,108,109,110
Qatar,,,,,,,,,,,,,,,,,,,,31.2,33.3,36.1,38.2,39.2,39.6,40.4,40.7,41.8,43.7,45.2,46.5,48.6,50.1,49.6,50.3,51.8,54.3,56.9,58.6,59.9,60.9,61.8,61.9,63.3,67.6,73.6,82.3,93.6,108,102,100,101,103,107,110,112,115,116,
Romania,,,,,,,,,,,,,,,,,,,,,,,,,,,,,,,0.0234,0.0773,0.241,0.855,2.02,2.68,3.72,9.46,15.1,22,32,43,52.7,60.8,68,74.1,79,82.8,89.3,94.3,100,106,109,114,115,114,112,114,119
Russia,,,,,,,,,,,,,,,,,,,,,,,,,,,,,,,,,0.0536,0.522,2.13,6.33,9.36,10.7,13.7,25.5,30.8,37.4,43.3,49.2,54.5,61.4,67.4,73.5,83.8,93.6,100,108,114,122,131,152,162,168,173
Rwanda,,,,,,,2.3,2.34,2.41,2.42,2.43,2.45,2.52,2.76,3.61,4.71,5.04,5.73,6.49,7.51,8.06,8.57,9.65,10.3,10.8,11,10.9,11.4,11.7,11.8,12.3,14.7,16.1,18.1,,36.1,38.7,43.4,46.1,45,46.7,48.3,49.3,52.9,59.4,64.8,70.5,76.9,88.8,100,100,103,114,120,123,126,135,147,146
Samoa,,3.63,3.72,3.75,3.95,4.03,4.15,4.13,4.2,4.37,4.49,4.71,5.06,5.65,7.07,7.69,8.06,9.24,9.43,10.5,13.9,16.8,19.9,23.2,25.9,28.3,29.9,31.2,33.9,36.1,41.6,40.8,44.5,45.3,50.7,49.3,51.9,55.5,56.7,56.9,57.4,59.6,64.4,64.5,75,76.4,79.2,83.7,93.3,99.2,100,105,107,108,108,108,110,112,116
San Marino,,,,,,,,,,,,,,,,,,,,,,,,,,,,,,,,,,,,,,,,,,,,84.7,85.9,87.4,89.2,91.5,95.4,97.5,100,103,106,108,109,109,109,111,
Sao Tome and Principe,,,,,,,,,,,,,,,,,,,,,,,,,,,,,,,,,,,,,8.64,11.7,17.7,19.9,22.3,24.4,26.9,29.5,33.4,39.2,48.2,57.2,75.4,88.2,100,114,126,137,146,154,162,172,185
Saudi Arabia,,,,19.9,20.5,20.6,20.9,21.3,21.7,22.4,22.5,23.5,24.5,28.5,34.7,46.7,61.4,68.4,67.3,68,70.8,72.8,73.6,73.7,72.6,70.3,68.1,67,67.6,68.3,69.8,73.2,73.1,73.9,74.3,77.9,78.9,78.9,78.6,77.6,76.7,75.8,76,76.5,76.9,77.2,79,82.2,90.4,94.9,100,106,109,113,115,117,119,118,121
Senegal,,,,,,,,11,11,11.4,11.7,12.2,12.9,14.4,16.8,22.1,22.3,24.9,25.7,28.2,30.6,32.5,38.1,42.5,47.5,53.7,57,54.7,53.7,53.9,54.1,53.1,53.1,52.8,69.8,75.3,77.4,78.7,79.6,80.3,80.9,83.3,85.2,85.2,85.6,87.1,88.9,94.1,101,98.8,100,103,105,106,104,105,105,107,107
Serbia,,,,,,,,,,,,,,,,,,,,,,,,,,,,,,,,,,,1.41,2.58,5.05,6.23,8.11,11.5,19.8,38.5,46,50.6,56.2,65.2,72.9,77.5,87.1,94.2,100,111,119,128,131,133,134,139,141
Seychelles,,,,,,,,,,,6.13,7.02,8.49,10,12.5,14.8,17,19.6,21.9,24.6,27.9,30.9,30.6,32.5,33.8,34.1,34.2,35,35.7,36.3,37.7,38.4,39.7,40.2,40.9,40.8,40.4,40.6,41.7,44.3,47.1,49.9,50,51.6,53.6,54.1,53.9,56.8,77.8,102,100,103,110,115,116,121,120,123,128
Sierra Leone,,,,,,,,,,,,,,,,,,,,,,,,,,,,,,,,,,,,,,,,,,,,,,,71.9,80.2,86.8,93.3,100,107,114,120,126,134,149,176,205
Singapore,27.5,27.6,27.7,28.4,28.8,28.9,29.5,30.5,30.7,30.6,30.7,31.3,31.9,38.2,46.7,47.9,47,48.5,50.9,52.9,57.5,62.2,64.6,65.4,67.1,67.4,66.5,66.8,67.8,69.4,71.8,74.3,76,77.7,80.1,81.5,82.6,84.3,84,84.1,85.2,86,85.7,86.1,87.6,88,88.8,90.7,96.7,97.3,100,105,110,113,114,113,113,113,114
Slovak Republic,,,,,,,,,,,,,,,,,,,,,,,,,,,,,,,,26.1,28.7,35.4,40.1,44.1,46.6,49.5,52.8,58.4,65.4,70.2,72.4,78.6,84.5,86.8,90.7,93.2,97.5,99.1,100,104,108,109,109,109,108,110,112
Slovenia,,,,,,,,,,,,,,,,,,,,,0.00042,0.0006,0.00079,0.0011,0.00169,0.00304,0.00596,0.0138,0.0413,0.57,3.72,7.99,24.8,32.6,39.5,44.8,49.2,53.3,57.5,61.1,66.5,72.1,77.5,81.8,84.7,86.8,89,92.2,97.4,98.2,100,102,104,106,107,106,106,107,109
Solomon Islands,,,,,,,,,,,,2.46,2.63,2.71,3.23,3.55,3.7,4.02,4.27,4.62,5.22,6.08,6.87,7.29,8.1,8.87,10.1,11.2,13.1,15,16.3,18.8,20.8,22.7,25.7,28.2,31.5,34.1,38.3,41.3,44.6,47.7,52.9,57.3,61.3,65.8,73.2,78.8,92.4,99,100,107,114,120,126,125,126,127,
South Africa,1.77,1.81,1.83,1.86,1.9,1.98,2.05,2.12,2.17,2.24,2.35,2.49,2.65,2.9,3.24,3.67,4.07,4.53,5.03,5.7,6.48,7.47,8.56,9.62,10.7,12.5,14.8,17.2,19.4,22.2,25.4,29.3,33.4,36.6,39.9,43.4,46.6,50.6,54.1,56.9,59.9,63.3,69.3,73.3,72.8,74.3,76.7,81.4,89.6,96.1,100,105,111,117,125,130,139,146,153
South Korea,1.48,1.6,1.7,2.06,2.66,3.02,3.36,3.73,4.13,4.64,5.38,6.11,6.82,7.04,8.76,11,12.6,13.9,15.9,18.9,24.3,29.5,31.6,32.7,33.4,34.2,35.2,36.2,38.8,41,44.6,48.7,51.7,54.2,57.6,60.2,63.2,66,70.9,71.5,73.1,76.1,78.2,80.9,83.8,86.2,88.1,90.3,94.5,97.1,100,104,106,108,109,110,111,113,115
South Sudan,,,,,,,,,,,,,,,,,,,,,,,,,,,,,,,,,,,,,,,,,,,,,,,,,94.1,98.8,100,147,214,214,217,332,1590,4580,
Spain,2.86,2.88,3.05,3.31,3.54,4.01,4.26,4.54,4.76,4.86,5.14,5.56,6.03,6.71,7.77,9.08,10.7,13.3,15.9,18.4,21.3,24.4,27.9,31.3,34.8,37.9,41.3,43.4,45.5,48.6,51.9,55,58.2,60.9,63.7,66.7,69.1,70.5,71.7,73.4,75.9,78.7,81.1,83.5,86.1,89,92.1,94.7,98.5,98.2,100,103,106,107,107,107,106,108,110
Sri Lanka,1.49,1.5,1.53,1.56,1.61,1.62,1.61,1.65,1.74,1.87,1.98,2.04,2.17,2.38,2.67,2.84,2.88,2.92,3.27,3.62,4.57,5.39,5.98,6.81,7.94,8.06,8.7,9.38,10.7,11.9,14.5,16.3,18.1,20.2,21.9,23.6,27.4,30,32.8,34.4,36.5,41.6,45.6,48.5,52.2,58.3,64.1,74.2,91,94.1,100,107,115,123,127,131,137,147,150
St. Kitts and Nevis,,,,,,,,,,,,,,,,,,,,31.7,37.3,41.2,43.6,44.6,45.8,47,47,47.5,47.6,50,52.1,54.3,55.9,56.9,57.7,59.4,60.6,66,68.3,70.6,72.1,73.8,75.3,77,78.7,81.4,88.3,92.3,97.2,99.2,100,106,107,108,108,106,105,106,
St. Lucia,,,,,,8.2,8.4,8.67,9.02,9.22,10.5,11.3,12.2,13.9,18.6,21.9,24,26.2,29,31.7,37.9,43.7,45.7,46.4,46.9,47.6,48.6,52,52.5,54.8,57.1,60.6,63.7,64.3,66.1,69.8,70.4,70.4,72.7,75.2,78,82.2,82,82.8,84,87.3,89.4,91.9,97,96.9,100,103,107,109,112,111,108,108,
St. Vincent and the Grenadines,,,,,,,,,,,,,,,19.6,21,23.3,25.7,27.9,32.2,37.8,42.6,45.6,48.1,49.4,50.5,51,52.7,52.8,54.3,58.4,61.7,63.8,66.5,67.2,68.4,71.4,71.7,73.2,74,74.1,74.8,76.2,76.3,78.6,81.5,83.7,89.8,98.8,99.3,100,103,106,107,107,105,105,107,
Sudan,0.00128,0.00139,0.00141,0.00148,0.00153,0.0015,0.00152,0.00169,0.00152,0.00171,0.00178,0.0018,0.00205,0.00236,0.00298,0.0037,0.00376,0.0044,0.00524,0.00688,0.00862,0.0107,0.0135,0.0176,0.0237,0.0344,0.0428,0.0516,0.085,0.142,0.234,0.523,1.14,2.29,4.94,8.32,19.4,28.4,33.3,38.6,41.7,43.7,47.3,51,55.3,60,64.3,69.4,79.4,88.3,100,118,160,219,299,350,,,
Sweden,9.21,9.41,9.86,10.1,10.5,11,11.7,12.2,12.5,12.8,13.7,14.7,15.6,16.6,18.3,20.1,22.1,24.7,27.1,29.1,33.1,37.1,40.2,43.8,47.3,50.8,53,55.2,58.4,62.2,68.6,75.1,76.9,80.5,82.3,84.3,84.7,85.3,85.1,85.5,86.2,88.3,90.2,91.9,92.3,92.7,94,96,99.3,98.9,100,103,104,104,104,104,105,106,109
Switzerland,24,24.5,25.5,26.4,27.2,28.2,29.5,30.7,31.4,32.2,33.4,35.6,37.9,41.3,45.3,48.3,49.1,49.8,50.3,52.1,54.2,57.7,61,62.8,64.7,66.9,67.4,68.3,69.6,71.8,75.7,80.1,83.4,86.1,86.9,88.4,89.1,89.6,89.6,90.3,91.7,92.7,93.3,93.8,94.6,95.7,96.7,97.4,99.8,99.3,100,100,99.5,99.3,99.3,98.2,97.7,98.3,99.2
Syria,1.45,1.48,1.42,1.45,1.53,1.47,1.53,1.63,1.67,1.64,1.71,1.81,1.85,2.23,2.57,2.87,3.19,3.58,3.75,3.92,4.67,5.53,6.32,6.71,7.33,8.6,11.7,18.7,25.1,28,33.4,36.4,40.4,45.7,52.8,57,61.7,62.8,62.3,60,57.7,59.4,59.4,62.8,65.6,70.3,77.4,80.4,93.1,95.8,100,105,143,,,,,,
Tajikistan,,,,,,,,,,,,,,,,,,,,,,,,,,,,,,,,,,,,,,,,,28.4,39.3,44.1,51.3,55,58.9,64.8,73.3,88.3,94,100,112,119,125,133,140,149,,
Tanzania,,,,,,0.0981,0.108,0.121,0.14,0.163,0.168,0.176,0.19,0.209,0.251,0.316,0.338,0.377,0.401,0.453,0.59,0.742,0.956,1.22,1.65,2.2,2.92,3.79,4.98,6.26,8.51,11,13.3,16.7,22.4,28.6,34.6,40.1,45.2,48.8,51.7,54.4,57.3,60.3,63.2,66.3,71.1,76.1,84,94.2,100,113,131,141,150,158,166,175,181
Thailand,10.2,11,11.4,11.4,11.3,11.3,11.8,12.3,12.5,12.8,12.8,12.8,13.5,15.5,19.3,20.4,21.2,22.8,24.6,27.1,32.4,36.5,38.4,39.8,40.2,41.2,41.9,43,44.6,47,49.8,52.6,54.8,56.6,59.4,62.9,66.6,70.3,75.9,76.1,77.4,78.6,79.2,80.6,82.8,86.6,90.6,92.6,97.7,96.9,100,104,107,109,111,110,111,111,112
Timor-Leste,,,,,,,,,,,,,,,,,,,,,,,,,,,,,,,,,,,,,,,,,,,66.5,71.3,73.6,74.4,77.3,85.3,93,93.7,100,113,127,141,142,143,141,142,
Togo,,,,,,,9.58,9.35,9.38,9.95,10.4,11.1,11.9,12.4,13.9,16.4,18.4,22.5,22.6,24.3,27.3,32.7,36.3,39.7,38.3,37.6,39.1,39.2,39.1,38.8,39.2,39.3,39.9,39.5,54.9,63.9,66.9,72.5,73.2,73.1,74.5,77.4,79.8,79,79.4,84.7,86.6,87.4,95,98.6,100,104,106,108,108,111,113,112,113
Tonga,,,,,,,,,,,,,,,,6.88,7.37,8.66,9.49,10,12.2,14.1,15.6,17.1,17.1,20,24.4,25.5,28,29.2,32,35.4,38.2,38.6,39,39.5,40.7,41.6,42.9,44.9,47.7,51.7,57,63.6,70.6,76.7,81.5,86.2,95.2,96.6,100,106,107,108,111,110,113,121,
Trinidad and Tobago,2.3,2.33,2.4,2.49,2.51,2.56,2.66,2.72,2.94,3.02,3.09,3.2,3.5,4.02,4.9,5.73,6.35,7.09,7.82,8.97,10.5,12,13.4,15.5,17.6,18.9,20.3,22.5,24.3,27.1,30.1,31.2,33.2,36.8,40,42.1,43.5,45.1,47.7,49.3,51.1,53.9,56.1,58.3,60.4,64.6,70,75.5,84.6,90.5,100,105,115,121,128,134,138,140,
Tunisia,,,,,,,,,,,,,,,,,,,,,,,,43.1,47,50.4,53.5,57.9,62,66.8,71.2,77,81.5,84.8,88.8,94.3,97.8,101,105,107,111,113,116,119,123,126,130,134,140,145,100,103,108,114,119,124,129,136,146
Turkey,0.00005,0.00006,0.00006,0.00006,0.00006,0.00007,0.00007,0.00008,0.00009,0.00009,0.0001,0.00011,0.00013,0.00015,0.00019,0.00023,0.00027,0.00034,0.00054,0.00089,0.00173,0.00238,0.00307,0.00403,0.00598,0.00868,0.0117,0.0162,0.0274,0.0447,0.0717,0.119,0.202,0.336,0.689,1.3,2.35,4.37,8.06,13.3,20.6,31.8,46.1,56.1,60.9,65.9,72.2,78.5,86.7,92.1,100,106,116,125,136,146,157,175,204
Uganda,,,,,,,,,,,,,,,,,,,,,,,,,,,,,,,,,,36.1,39.7,42.3,45.4,49.1,49.1,51.9,53.7,54.7,54.5,59.3,61.5,66.7,71.6,75.9,85.1,96.2,100,117,131,138,142,150,159,167,171
Ukraine,,,,,,,,,,,,,,,,,,,,,,,,,,,,,,,,,0.00419,0.203,2.01,9.58,17.3,20,22.2,27.2,34.8,39,39.3,41.3,45.1,51.2,55.8,63,78.9,91.4,100,108,109,108,121,180,206,235,261
United Arab Emirates,,,,,,,,,,,,,,,,,,,,,,,,,,,,,,,,,,,,,,,,,,,,,,,,87,97.6,99.1,100,101,102,103,105,109,111,113,117
United Kingdom,6.27,6.49,6.76,6.9,7.12,7.46,7.76,7.95,8.32,8.78,9.33,10.2,10.9,11.9,13.9,17.2,20.1,23.2,25.2,28.5,33.7,37.7,40.9,42.8,44.9,47.6,49.3,51.3,53.5,56.5,61.1,65.7,68.7,70.4,72,73.9,76,77.7,79.1,80.5,81.5,82.7,84,85.1,86.3,88.1,90.3,92.4,95.7,97.6,100,104,107,109,111,111,112,115,118
United States,13.6,13.7,13.9,14,14.2,14.4,14.9,15.3,16,16.8,17.8,18.6,19.2,20.4,22.6,24.7,26.1,27.8,29.9,33.3,37.8,41.7,44.3,45.7,47.6,49.3,50.3,52.1,54.2,56.9,59.9,62.5,64.3,66.2,68,69.9,71.9,73.6,74.8,76.4,79,81.2,82.5,84.4,86.6,89.6,92.4,95.1,98.7,98.4,100,103,105,107,109,109,110,112,115
Uruguay,0,0,0.00001,0.00001,0.00001,0.00001,0.00002,0.00005,0.0001,0.00012,0.00014,0.00018,0.00031,0.00062,0.0011,0.00199,0.003,0.00474,0.00685,0.0114,0.0187,0.0251,0.0298,0.0445,0.0691,0.119,0.21,0.343,0.557,1,2.13,4.31,7.26,11.2,16.2,23,29.6,35.4,39.3,41.5,43.5,45.4,51.7,61.7,67.4,70.5,75.1,81.1,87.5,93.7,100,108,117,127,138,150,165,175,188
Vanuatu,,,,,,,,,,,,,,,,,19.6,20.7,22,22.9,25.5,32.4,34.5,35.1,37,37.4,39.2,45.5,49.5,53.3,55.9,59.5,61.9,64.1,65.6,67,67.7,69.6,71.9,73.3,75.1,77.8,79.4,81.8,82.9,83.9,85.6,89,93.3,97.3,100,101,102,104,105,107,108,111,
Venezuela,,,,,,,,,,,,,,,,,,,,,,,,,,,,,,,,,,,,,,,,,,,,,,,,,61.4,78,100,126,153,215,348,772,2740,,
Vietnam,,,,,,,,,,,,,,,,,,,,,,,,,,,,,,,,,,,,40.2,42.5,43.8,47,49,48.1,47.9,49.8,51.4,55.3,59.9,64.4,69.7,85.8,91.9,100,119,129,138,145,146,151,156,161
Yemen,,,,,,,,,,,,,,,,,,,,,,,,,,,,,,,3.84,5.23,6.77,9.19,13.7,21.3,27.8,28.4,30.1,32.7,34.2,38.3,43,47.7,53.6,60,66.5,71.7,85.3,89.9,100,120,131,146,158,,,,
Zambia,,,,,,,,,,,,,,,,,,,,,,,,,,0.0135,0.0211,0.0311,0.0469,0.105,0.217,0.429,1.14,3.23,4.99,6.73,9.63,12,14.9,18.9,23.8,28.9,35.4,42.9,50.6,59.9,65.3,72.3,81.3,92.2,100,106,113,121,131,144,170,181,195
Zimbabwe,,,,,,,,,,,,,,,,,,,,,,,,,,,,,,,,,,,,,,,,,,,,,,,,,,97.1,100,103,107,109,109,106,105,106,
